text_id,sample_a,sample_b,pose_diversity,trajectory_diversity
C000,0,1,0.1640021950006485,1.212550163269043
C000,0,2,0.18484702706336975,0.5960254073143005
C000,0,3,0.1471845805644989,0.6806638836860657
C000,0,4,0.16607031226158142,0.5793519020080566
C000,1,2,0.16347138583660126,0.856378972530365
C000,1,3,0.13710913062095642,0.5958411693572998
C000,1,4,0.13745439052581787,1.021154522895813
C000,2,3,0.10631310194730759,0.3016630709171295
C000,2,4,0.12572872638702393,0.28772401809692383
C000,3,4,0.07033586502075195,0.48872244358062744
C001,0,1,0.130686953663826,0.8695591688156128
C001,0,2,0.13802841305732727,0.7791391611099243
C001,0,3,0.11179716140031815,0.5463014245033264
C001,0,4,0.11660262942314148,0.5487728714942932
C001,1,2,0.03893721103668213,0.12213308364152908
C001,1,3,0.11386962980031967,0.44018301367759705
C001,1,4,0.11099967360496521,0.4002339243888855
C001,2,3,0.11991394311189651,0.3922951817512512
C001,2,4,0.10166963934898376,0.33038264513015747
C001,3,4,0.09779297560453415,0.1687053143978119
C002,0,1,0.15912005305290222,1.081788182258606
C002,0,2,0.15921847522258759,0.4305008351802826
C002,0,3,0.1507483273744583,0.8369821310043335
C002,0,4,0.19109660387039185,0.8110994696617126
C002,1,2,0.13892440497875214,0.6774978041648865
C002,1,3,0.21086229383945465,1.5708168745040894
C002,1,4,0.24318864941596985,1.7262414693832397
C002,2,3,0.16776834428310394,1.0835399627685547
C002,2,4,0.20674340426921844,1.1470091342926025
C002,3,4,0.12323298305273056,0.3252537250518799
C003,0,1,0.14302557706832886,0.7655612230300903
C003,0,2,0.11687712371349335,0.7181066870689392
C003,0,3,0.12259732931852341,0.9712462425231934
C003,0,4,0.1418735831975937,1.0914595127105713
C003,1,2,0.1526298075914383,0.6414396166801453
C003,1,3,0.1729050874710083,0.9883057475090027
C003,1,4,0.15864376723766327,0.6854495406150818
C003,2,3,0.08273804932832718,0.3799028694629669
C003,2,4,0.08227775990962982,0.4684380292892456
C003,3,4,0.10396289825439453,0.574700117111206
