text_id,sample_id,prompt,file,frames,duration_sec,root_path_length_xz,root_displacement_xz,root_straightness,mean_joint_speed,mean_joint_acceleration
C000,0,a person jumps,eval_results\t2m\Comp_v6_KLD01\exp_length_v1\joints\C000\gen_motion_00_L076.npy,76,3.8,0.26777350902557373,0.01894082874059677,0.07073451294537066,0.4800029695034027,6.133676052093506
C000,1,a person jumps,eval_results\t2m\Comp_v6_KLD01\exp_length_v1\joints\C000\gen_motion_01_L108.npy,108,5.4,0.477301687002182,0.2078283578157425,0.43542347214622856,0.3378277122974396,4.128681182861328
C000,2,a person jumps,eval_results\t2m\Comp_v6_KLD01\exp_length_v1\joints\C000\gen_motion_02_L052.npy,52,2.6,0.20184262096881866,0.08626622706651688,0.42739351407770104,0.46156445145606995,5.817208290100098
C000,3,a person jumps,eval_results\t2m\Comp_v6_KLD01\exp_length_v1\joints\C000\gen_motion_03_L064.npy,64,3.2,0.5157719850540161,0.38227662444114685,0.7411736882163376,0.5635945796966553,6.482228755950928
C000,4,a person jumps,eval_results\t2m\Comp_v6_KLD01\exp_length_v1\joints\C000\gen_motion_04_L096.npy,96,4.8,0.5959862470626831,0.2521061599254608,0.4230066736740411,0.36511850357055664,4.308959484100342
C001,0,a person walks forward,eval_results\t2m\Comp_v6_KLD01\exp_length_v1\joints\C001\gen_motion_00_L092.npy,92,4.6,2.676224708557129,2.624596357345581,0.9807085141070299,0.6174166798591614,2.7724802494049072
C001,1,a person walks forward,eval_results\t2m\Comp_v6_KLD01\exp_length_v1\joints\C001\gen_motion_01_L128.npy,128,6.4,2.45711612701416,2.3944835662841797,0.9745097270571048,0.4101019501686096,1.8153667449951172
C001,2,a person walks forward,eval_results\t2m\Comp_v6_KLD01\exp_length_v1\joints\C001\gen_motion_02_L084.npy,84,4.2,3.0216081142425537,2.9706227779388428,0.9831264232898409,0.7728263735771179,3.425112724304199
C001,3,a person walks forward,eval_results\t2m\Comp_v6_KLD01\exp_length_v1\joints\C001\gen_motion_03_L072.npy,72,3.6,1.6146221160888672,1.5819311141967773,0.9797531561308735,0.501206636428833,2.6195180416107178
C001,4,a person walks forward,eval_results\t2m\Comp_v6_KLD01\exp_length_v1\joints\C001\gen_motion_04_L108.npy,108,5.4,2.77083683013916,1.951639175415039,0.7043500917075011,0.5598285794258118,2.9984514713287354
C002,0,a person walks forward and turns left,eval_results\t2m\Comp_v6_KLD01\exp_length_v1\joints\C002\gen_motion_00_L076.npy,76,3.8,2.4536828994750977,2.021512031555176,0.8238684925373309,0.7017224431037903,3.25368332862854
C002,1,a person walks forward and turns left,eval_results\t2m\Comp_v6_KLD01\exp_length_v1\joints\C002\gen_motion_01_L076.npy,76,3.8,1.5313527584075928,1.3015893697738647,0.8499605088558093,0.46462956070899963,2.818892240524292
C002,2,a person walks forward and turns left,eval_results\t2m\Comp_v6_KLD01\exp_length_v1\joints\C002\gen_motion_02_L096.npy,96,4.8,3.0617973804473877,2.1953306198120117,0.7170071520184107,0.6866816282272339,3.236276626586914
C002,3,a person walks forward and turns left,eval_results\t2m\Comp_v6_KLD01\exp_length_v1\joints\C002\gen_motion_03_L096.npy,96,4.8,3.0130770206451416,1.3595938682556152,0.451231036890158,0.688079833984375,3.655329704284668
C002,4,a person walks forward and turns left,eval_results\t2m\Comp_v6_KLD01\exp_length_v1\joints\C002\gen_motion_04_L088.npy,88,4.4,2.998753070831299,1.4695212841033936,0.49004411146664384,0.7401217222213745,3.5477309226989746
C003,0,"a person stands up, walks forward, turns around, and sits down",eval_results\t2m\Comp_v6_KLD01\exp_length_v1\joints\C003\gen_motion_00_L196.npy,196,9.8,2.7674007415771484,0.7931406497955322,0.28660129986939276,0.48303359746932983,4.14071798324585
C003,1,"a person stands up, walks forward, turns around, and sits down",eval_results\t2m\Comp_v6_KLD01\exp_length_v1\joints\C003\gen_motion_01_L196.npy,196,9.8,2.476205348968506,0.9988625645637512,0.4033843820666327,0.4047301709651947,3.845090389251709
C003,2,"a person stands up, walks forward, turns around, and sits down",eval_results\t2m\Comp_v6_KLD01\exp_length_v1\joints\C003\gen_motion_02_L196.npy,196,9.8,0.9738799333572388,0.3840285837650299,0.39432846967200064,0.23649190366268158,2.8162107467651367
C003,3,"a person stands up, walks forward, turns around, and sits down",eval_results\t2m\Comp_v6_KLD01\exp_length_v1\joints\C003\gen_motion_03_L196.npy,196,9.8,2.8232040405273438,0.893938422203064,0.3166396793750996,0.4243362247943878,3.574610948562622
C003,4,"a person stands up, walks forward, turns around, and sits down",eval_results\t2m\Comp_v6_KLD01\exp_length_v1\joints\C003\gen_motion_04_L196.npy,196,9.8,2.4079957008361816,0.5487015843391418,0.227866513278493,0.38437074422836304,3.5651397705078125
